Student_ID,Study_Hours,Attendance,Internal_Marks,Assignment_Marks,Previous_Performance,Result
1,5.2,75.9,66.3,81.8,63.0,Fail
2,6.2,74.8,64.7,73.6,68.7,Pass
3,6.8,79.3,56.9,57.8,68.9,Pass
4,5.6,76.7,76.0,51.7,60.0,Pass
5,7.2,75.1,73.6,75.5,77.5,Pass
6,6.6,59.8,28.7,63.5,50.3,Fail
7,6.8,63.4,80.7,58.0,63.6,Fail
8,5.7,87.8,77.6,76.9,75.4,Pass
9,4.2,69.4,61.0,79.0,61.0,Pass
10,3.9,64.8,79.5,91.9,73.1,Pass
11,8.4,76.9,46.7,64.6,80.2,Fail
12,5.6,81.0,63.3,82.1,74.3,Pass
13,6.7,70.7,59.6,60.4,80.2,Fail
14,5.4,87.0,57.1,67.9,35.5,Fail
15,4.4,83.0,85.9,71.7,69.2,Pass
16,7.7,88.7,72.1,57.8,79.5,Pass
17,8.0,77.6,97.3,67.0,90.5,Pass
18,4.5,64.5,65.7,91.9,78.1,Pass
19,0.7,86.5,76.3,64.3,55.0,Fail
20,8.9,65.3,61.6,91.1,57.9,Pass
21,5.7,63.1,71.3,55.1,79.2,Pass
22,10.1,81.4,88.5,53.8,63.0,Pass
23,9.0,57.8,82.9,80.3,89.5,Pass
24,5.6,71.7,49.3,74.7,61.9,Pass
25,4.3,81.8,44.5,66.5,69.2,Pass
26,8.4,77.5,51.2,78.4,73.3,Pass
27,4.1,91.6,69.3,81.8,85.4,Pass
28,6.1,100,71.7,67.9,66.8,Pass
29,5.7,84.2,85.9,64.8,37.4,Pass
30,6.0,70.7,81.1,80.5,49.1,Pass
31,5.1,60.2,74.8,71.4,53.1,Pass
32,6.5,71.1,74.0,86.2,53.6,Pass
33,5.5,100,40.1,81.7,60.1,Pass
34,9.3,77.9,100,65.8,70.6,Pass
35,4.1,78.7,63.8,74.8,31.3,Pass
36,5.2,98.9,52.9,76.1,100,Pass
37,2.5,71.4,75.1,81.7,85.6,Pass
38,2.3,72.8,86.6,78.5,33.7,Fail
39,8.3,100,76.4,76.3,45.2,Pass
40,5.6,84.0,76.7,65.3,46.6,Fail
41,3.2,85.7,33.3,67.3,72.2,Pass
42,5.6,90.0,62.0,61.6,54.2,Pass
43,7.5,83.8,100,71.5,74.9,Pass
44,5.1,100,90.6,52.4,58.6,Pass
45,7.1,61.8,34.2,45.3,63.9,Fail
46,6.2,68.8,49.6,43.7,70.3,Fail
47,7.5,87.5,65.1,90.9,62.8,Pass
48,4.5,71.0,35.5,74.2,69.0,Fail
49,4.1,82.5,93.8,72.5,56.9,Pass
50,5.4,62.8,66.1,72.9,94.5,Pass
51,7.6,69.4,78.0,56.0,70.0,Pass
52,4.0,100,76.5,45.4,73.8,Pass
53,5.5,83.6,73.9,43.5,46.5,Pass
54,8.1,100,95.0,43.2,77.3,Pass
55,8.7,81.0,50.9,100,75.3,Fail
56,6.1,69.2,69.7,65.5,87.0,Fail
57,6.1,99.8,55.6,74.9,68.2,Pass
58,6.8,79.2,53.8,96.7,77.7,Pass
59,4.2,68.6,86.5,69.9,72.4,Pass
60,6.7,76.6,79.5,69.4,78.3,Pass
61,5.3,67.7,53.9,61.6,49.2,Fail
62,5.4,96.8,100,72.3,40.2,Pass
63,5.3,60.1,64.2,76.0,57.6,Fail
64,4.0,99.4,65.6,60.4,59.0,Pass
65,4.1,83.8,78.9,82.5,87.4,Pass
66,7.8,68.5,62.1,88.7,78.2,Pass
67,3.1,84.7,58.5,59.1,54.6,Fail
68,1.3,82.3,70.6,63.8,81.6,Pass
69,4.3,70.0,78.4,50.8,59.7,Fail
70,5.6,80.5,68.6,87.9,68.6,Pass
71,3.1,86.7,75.9,92.3,53.0,Pass
72,5.4,76.9,68.2,48.0,78.2,Pass
73,7.8,100,63.2,71.5,65.2,Pass
74,2.0,83.8,45.9,35.9,32.7,Fail
75,7.6,67.6,64.6,55.7,74.8,Fail
76,8.1,66.1,56.5,73.7,65.4,Pass
77,5.7,63.5,59.6,64.0,76.6,Pass
78,5.3,88.4,60.1,70.1,67.9,Pass
79,5.3,73.8,52.3,81.6,55.6,Fail
80,1.7,90.5,48.0,61.1,81.9,Fail
81,5.3,78.9,53.0,90.8,89.0,Fail
82,2.6,87.7,48.5,66.6,67.1,Pass
83,5.1,79.1,56.3,90.1,57.1,Pass
84,4.5,79.3,65.5,69.7,48.8,Pass
85,8.3,80.9,79.0,83.7,79.8,Pass
86,5.9,88.4,69.0,58.4,65.4,Fail
87,5.5,83.0,86.5,74.1,79.9,Pass
88,3.5,61.1,53.5,52.9,75.1,Fail
89,6.6,78.9,83.7,86.8,54.7,Pass
90,4.4,58.5,78.1,88.6,64.9,Fail
91,7.7,49.9,70.7,74.0,55.9,Pass
92,7.4,74.9,66.7,66.6,56.8,Fail
93,8.3,90.3,80.0,56.7,98.3,Pass
94,5.9,67.1,55.0,77.9,50.4,Fail
95,7.7,59.9,98.1,93.9,45.2,Fail
96,4.9,65.6,64.0,35.9,61.3,Pass
97,3.3,74.7,45.7,80.9,61.4,Pass
98,5.9,73.5,76.3,64.9,43.6,Pass
99,5.2,80.0,73.6,64.9,71.7,Pass
100,3.3,98.8,64.4,61.3,100,Pass
101,8.2,87.8,42.8,73.7,56.6,Fail
102,2.0,79.2,76.9,77.5,60.1,Fail
103,3.5,71.3,52.5,69.2,64.6,Fail
104,5.0,68.9,67.9,79.1,67.9,Pass
105,2.2,73.5,72.2,81.0,39.4,Fail
106,7.9,75.9,66.6,78.3,69.0,Pass
107,5.6,79.8,56.3,69.6,85.0,Pass
108,5.2,72.1,79.8,60.0,79.6,Fail
109,3.4,80.5,70.0,76.2,82.0,Pass
110,6.4,67.1,86.9,80.9,73.6,Pass
111,3.9,74.1,75.5,71.7,67.0,Fail
112,5.9,69.7,51.7,69.8,35.3,Fail
113,7.2,77.4,53.1,58.8,62.6,Fail
114,5.9,86.0,63.3,65.1,67.9,Pass
115,7.7,78.2,57.7,65.5,67.9,Pass
116,4.9,65.4,54.9,42.7,70.3,Fail
117,3.0,54.3,51.2,80.0,44.0,Fail
118,5.9,73.9,74.5,82.4,64.9,Fail
119,5.3,84.0,59.3,51.9,82.6,Fail
120,4.7,78.2,83.5,75.7,59.7,Pass
121,9.8,94.7,78.1,56.3,100,Pass
122,4.8,69.6,92.4,77.9,42.2,Pass
123,6.6,74.2,49.7,61.8,58.0,Fail
124,4.5,86.8,53.8,47.8,53.2,Pass
125,4.4,100,75.4,55.7,51.7,Pass
126,3.1,100,53.1,81.5,88.4,Pass
127,3.5,74.7,73.4,84.3,65.9,Fail
128,5.6,69.9,35.3,62.2,42.1,Fail
129,9.4,100,59.4,65.5,76.0,Pass
130,4.7,76.3,100,70.5,57.2,Pass
131,6.7,65.7,64.3,55.7,60.5,Pass
132,7.0,76.9,54.0,67.6,81.8,Fail
133,8.4,61.5,63.6,96.4,32.9,Pass
134,1.8,76.9,65.4,83.5,20,Fail
135,4.4,78.4,54.6,68.9,46.0,Fail
136,3.8,80.9,76.7,92.1,54.5,Pass
137,5.6,74.5,67.2,50.1,70.9,Fail
138,3.6,58.9,85.4,70.0,83.4,Pass
139,2.1,65.0,79.4,61.3,47.6,Fail
140,5.1,65.9,63.1,65.3,23.6,Fail
141,3.9,93.7,50.7,49.9,84.0,Fail
142,4.2,85.2,63.1,48.8,68.0,Fail
143,8.1,85.1,100,49.0,64.7,Pass
144,7.8,87.9,79.3,61.1,53.1,Fail
145,8.9,84.1,64.1,85.1,77.0,Pass
146,2.3,69.4,70.9,77.0,80.3,Fail
147,5.8,100,78.4,84.2,64.7,Pass
148,9.1,79.3,86.4,59.7,74.4,Pass
149,4.0,91.2,57.9,60.7,65.0,Pass
150,6.1,89.2,57.0,73.1,46.2,Fail
151,7.2,77.5,89.8,69.2,61.8,Pass
152,4.2,59.8,87.5,77.8,30.4,Fail
153,4.7,98.9,57.1,63.9,50.4,Fail
154,4.1,60.8,52.5,49.5,41.0,Fail
155,4.5,69.8,49.6,78.7,64.2,Fail
156,4.6,97.1,71.6,78.7,23.6,Fail
157,1.2,72.9,73.6,62.6,73.3,Fail
158,6.7,59.4,64.1,77.9,73.6,Pass
159,9.4,73.0,61.2,33.4,93.3,Pass
160,3.1,93.9,86.5,73.5,42.0,Pass
161,4.3,64.0,83.7,42.1,74.1,Pass
162,9.6,81.9,37.1,60.3,66.0,Pass
163,7.5,54.5,63.1,85.6,89.7,Pass
164,4.7,91.2,93.7,88.8,76.6,Pass
165,3.9,60.6,82.7,67.1,64.5,Fail
166,4.7,80.8,52.7,73.0,68.9,Fail
167,4.0,87.4,96.1,63.6,84.8,Pass
168,0.5,68.9,58.5,82.9,68.0,Fail
169,6.8,67.2,56.8,54.9,62.3,Fail
170,5.8,69.3,81.6,84.8,89.7,Pass
171,5.9,86.1,77.1,62.9,85.6,Pass
172,9.5,78.4,72.9,77.8,65.0,Pass
173,5.3,75.7,94.4,74.3,66.1,Pass
174,5.8,81.5,67.0,54.9,64.5,Fail
175,5.9,63.8,81.8,82.5,69.5,Pass
176,6.3,54.4,51.5,69.9,70.5,Fail
177,3.5,79.6,61.2,57.0,70.3,Fail
178,7.9,86.0,79.0,76.5,51.5,Pass
179,2.6,100,51.8,69.1,59.2,Fail
180,4.3,55.6,53.0,52.5,63.0,Fail
181,4.1,80.6,59.3,85.0,58.8,Pass
182,2.8,85.9,61.9,77.7,70.3,Pass
183,5.9,73.4,88.2,85.1,72.7,Pass
184,3.3,70.0,64.3,78.3,50.7,Pass
185,5.5,53.8,60.9,35.8,53.0,Fail
186,4.3,74.1,62.1,63.7,89.0,Pass
187,3.2,93.0,43.7,60.6,89.4,Fail
188,6.6,63.0,65.8,69.5,92.2,Fail
189,5.4,85.5,64.2,60.5,64.1,Pass
190,7.3,66.7,61.3,76.5,62.3,Fail
191,5.5,69.6,56.0,78.2,47.5,Pass
192,5.9,62.7,72.2,74.3,77.2,Pass
193,4.8,69.5,58.9,58.3,53.1,Fail
194,5.5,72.1,56.9,76.9,57.0,Fail
195,5.2,74.8,51.9,83.6,78.5,Pass
196,5.8,84.3,67.5,84.5,91.5,Pass
197,6.4,88.5,62.9,56.2,79.5,Fail
198,9.1,88.4,70.8,72.7,93.0,Pass
199,3.2,70.8,64.1,57.9,67.5,Fail
200,3.9,97.2,47.1,54.1,71.0,Fail
201,6.3,70.6,52.5,63.0,54.1,Fail
202,4.5,87.1,76.8,86.6,79.4,Pass
203,7.0,71.8,64.1,46.4,69.7,Fail
204,6.3,84.3,47.7,57.8,59.4,Fail
205,5.8,64.1,68.7,48.4,30.5,Fail
206,2.9,71.3,46.7,52.3,58.6,Fail
207,7.5,83.4,64.1,82.6,82.9,Pass
208,4.7,90.2,94.5,81.2,93.3,Pass
209,7.2,64.9,51.3,71.3,38.3,Fail
210,7.2,70.0,76.0,53.1,57.1,Pass
211,5.9,81.5,93.6,90.2,51.0,Pass
212,4.3,77.8,68.2,87.0,46.9,Pass
213,6.5,87.7,64.8,86.0,53.6,Pass
214,6.2,61.2,74.1,74.5,59.3,Fail
215,5.0,60.7,93.4,56.2,54.4,Pass
216,6.7,86.6,90.8,67.6,48.3,Pass
217,7.1,74.1,49.0,89.3,74.2,Fail
218,7.1,60.7,60.8,56.3,54.8,Fail
219,4.3,86.7,72.4,80.8,82.5,Pass
220,5.7,84.5,93.6,84.6,87.1,Pass
221,7.6,56.6,81.2,75.0,65.9,Pass
222,4.6,83.0,80.6,51.0,68.5,Fail
223,3.6,82.7,63.1,62.8,52.7,Fail
224,5.5,64.9,55.4,69.4,71.5,Fail
225,6.5,68.1,100,58.8,52.4,Pass
226,3.7,87.9,95.0,66.6,67.8,Pass
227,5.5,95.2,81.4,59.3,89.7,Pass
228,6.5,70.1,69.0,60.9,72.5,Fail
229,1.0,89.1,70.9,87.1,62.8,Pass
230,7.7,82.7,72.3,100,62.3,Pass
231,9.0,68.3,52.4,52.0,73.5,Pass
232,7.0,61.8,83.1,88.8,63.4,Pass
233,6.9,82.4,77.6,56.8,62.2,Fail
234,6.8,84.4,66.5,76.2,40.1,Pass
235,4.6,79.5,84.7,61.4,84.2,Pass
236,5.6,84.7,49.3,80.3,66.0,Pass
237,5.1,73.6,73.5,71.2,46.2,Fail
238,8.0,76.9,54.9,82.0,35.3,Fail
239,5.5,80.2,71.3,59.5,62.6,Fail
240,5.9,58.6,65.8,75.7,36.9,Fail
241,7.1,96.6,45.4,76.8,45.2,Fail
242,8.7,86.0,55.9,75.1,75.3,Pass
243,10.0,85.3,23.1,67.9,53.2,Fail
244,5.5,70.2,51.7,91.1,74.6,Fail
245,6.9,86.1,87.0,57.2,77.5,Pass
246,7.8,75.7,33.9,72.5,36.5,Fail
247,5.4,73.2,45.7,56.4,51.5,Fail
248,8.1,86.5,60.9,89.8,43.1,Pass
249,5.1,80.8,77.6,62.5,77.8,Pass
250,10.3,74.3,87.0,81.1,46.2,Pass
251,3.4,51.2,80.8,87.0,65.8,Fail
252,8.7,86.5,58.2,82.2,45.1,Pass
253,3.4,51.6,50.3,89.1,47.4,Fail
254,3.2,88.4,68.0,78.9,63.3,Fail
255,3.6,88.0,67.1,82.8,20,Pass
256,4.5,100,60.3,72.4,75.6,Pass
257,7.2,70.3,87.3,83.1,72.9,Pass
258,5.1,81.6,37.5,64.3,80.0,Fail
259,8.1,70.5,72.8,55.9,72.8,Pass
260,7.8,94.2,86.8,74.9,45.4,Pass
261,2.9,72.7,79.1,78.2,90.5,Pass
262,2.1,74.7,70.6,67.1,87.6,Pass
263,2.6,83.6,50.8,95.8,69.3,Fail
264,7.7,100,37.9,84.6,72.7,Pass
265,6.2,83.9,57.6,91.8,43.4,Pass
266,8.6,63.8,67.9,91.9,57.1,Pass
267,4.7,92.0,58.9,71.9,73.6,Pass
268,3.8,61.9,45.2,55.5,37.5,Fail
269,6.1,78.6,55.6,57.7,49.1,Fail
270,3.0,86.6,46.9,72.2,55.1,Pass
271,1.9,80.3,63.0,61.2,70.0,Fail
272,3.4,83.1,73.8,90.3,55.2,Pass
273,5.1,54.3,75.8,70.9,50.9,Pass
274,4.6,90.2,66.8,82.5,75.9,Pass
275,3.4,89.0,68.3,100,72.7,Pass
276,4.0,73.1,69.5,55.6,46.3,Fail
277,5.3,80.4,84.8,66.4,75.9,Pass
278,5.1,81.1,37.0,72.9,54.8,Fail
279,1.7,72.7,39.8,84.2,61.2,Fail
280,4.2,87.1,59.1,68.1,59.1,Fail
281,2.1,77.5,59.6,100,61.6,Fail
282,7.5,76.1,71.8,59.8,89.9,Pass
283,6.3,91.6,63.4,72.0,74.4,Pass
284,3.3,80.2,53.8,61.6,54.6,Pass
285,8.7,100,67.2,60.2,49.5,Pass
286,2.4,74.2,59.5,96.5,48.8,Pass
287,8.1,76.0,75.0,50.5,63.6,Pass
288,0.5,83.0,73.3,48.3,42.4,Fail
289,4.4,74.3,53.6,57.9,69.9,Fail
290,5.3,75.2,74.9,69.8,78.8,Pass
291,7.3,93.0,46.1,84.9,93.5,Pass
292,5.4,73.7,74.6,79.3,54.3,Pass
293,3.8,76.3,83.4,99.3,56.8,Pass
294,5.9,59.0,53.7,55.1,56.9,Fail
295,5.6,93.3,74.3,100,61.1,Pass
296,6.3,96.1,62.3,83.8,91.1,Pass
297,5.4,84.1,61.5,59.7,94.3,Pass
298,9.0,71.9,64.9,83.2,61.7,Fail
299,4.1,81.3,58.0,73.2,28.9,Fail
300,5.1,71.8,53.1,59.6,66.1,Pass
301,2.7,74.7,82.7,76.7,63.5,Pass
302,5.5,76.8,35.2,62.0,33.8,Fail
303,7.1,68.5,80.1,100,55.0,Pass
304,6.2,75.2,51.4,64.2,58.7,Fail
305,6.6,74.1,74.9,66.1,100,Fail
306,3.6,86.5,100,58.1,94.3,Pass
307,8.1,78.9,100,96.9,54.6,Pass
308,3.3,74.2,95.1,61.7,54.7,Pass
309,6.4,82.6,56.8,74.8,75.2,Pass
310,6.2,63.0,68.4,63.3,86.1,Fail
311,6.6,65.2,87.1,82.8,68.5,Pass
312,4.8,86.1,67.3,82.2,65.9,Fail
313,4.5,96.2,89.8,73.5,63.0,Pass
314,6.8,84.9,53.3,81.3,84.7,Pass
315,5.1,83.6,78.8,66.1,56.5,Pass
316,6.3,83.1,67.7,52.9,47.6,Pass
317,3.1,80.7,62.6,63.6,65.4,Pass
318,6.1,74.5,45.9,79.2,83.2,Pass
319,7.8,83.7,48.5,71.4,73.4,Pass
320,4.5,77.2,73.5,89.8,81.1,Pass
321,6.3,65.7,51.5,70.7,81.7,Pass
322,6.6,60.0,46.1,87.7,64.4,Fail
323,7.3,81.1,100,89.5,70.5,Pass
324,6.0,76.8,46.4,85.0,69.4,Fail
325,4.2,68.1,82.7,71.4,88.8,Fail
326,3.3,90.8,58.2,57.2,56.6,Fail
327,6.6,91.4,44.2,67.9,65.2,Pass
328,7.2,79.4,59.3,56.4,35.8,Fail
329,5.5,89.1,62.3,100,63.8,Pass
330,6.3,66.4,71.1,43.1,75.8,Fail
331,5.9,79.9,48.9,59.4,90.1,Pass
332,4.3,83.1,74.1,99.4,82.8,Pass
333,4.6,99.4,66.5,59.8,45.5,Fail
334,4.8,87.2,81.7,88.1,67.4,Pass
335,10.0,88.9,92.0,50.9,53.1,Pass
336,0.5,78.9,88.9,64.5,68.1,Fail
337,4.5,81.4,50.1,88.4,34.3,Fail
338,4.5,95.9,79.4,42.8,26.2,Fail
339,4.5,75.7,68.5,81.4,43.1,Fail
340,6.0,73.7,66.4,63.0,62.2,Pass
341,2.3,63.3,77.6,93.9,61.7,Fail
342,1.5,81.1,49.3,100,100,Pass
343,6.5,76.6,85.1,72.0,66.0,Pass
344,6.8,100,43.4,64.2,50.5,Pass
345,4.5,85.2,50.5,70.7,100,Pass
346,1.7,82.4,80.4,65.1,47.4,Pass
347,5.7,84.6,65.6,100,50.4,Pass
348,6.5,86.8,47.3,90.2,41.7,Fail
349,4.9,69.5,85.0,39.1,53.3,Fail
350,7.2,96.6,79.6,91.5,29.4,Pass
351,2.7,73.5,71.7,73.3,87.0,Fail
352,3.8,60.2,43.4,86.1,67.9,Pass
353,7.9,78.8,53.5,85.9,53.9,Fail
354,3.2,79.5,87.0,72.7,84.6,Pass
355,4.6,100,95.3,74.8,51.7,Pass
356,6.3,74.9,75.0,76.5,72.0,Pass
357,6.1,69.3,56.4,80.2,47.9,Pass
358,6.9,77.5,56.3,47.1,47.0,Fail
359,5.6,72.7,54.2,84.2,67.1,Pass
360,6.6,90.4,44.0,81.9,36.1,Fail
361,7.5,86.3,78.0,74.5,87.6,Pass
362,4.9,78.6,98.5,86.4,81.6,Pass
363,10.0,83.7,52.9,100,42.2,Fail
364,5.0,66.2,75.9,75.9,66.8,Pass
365,2.2,94.4,55.6,92.5,95.5,Pass
366,5.1,64.0,72.9,71.3,36.8,Fail
367,3.7,95.3,82.5,68.1,65.6,Pass
368,4.6,100,54.0,72.8,80.9,Pass
369,4.2,62.1,85.9,82.0,72.5,Fail
370,6.5,81.4,62.9,52.7,64.1,Fail
371,5.7,78.8,62.9,84.3,63.9,Pass
372,6.3,90.1,53.5,67.2,79.8,Pass
373,7.8,86.9,61.3,84.3,60.9,Pass
374,9.2,91.1,100,50.3,56.2,Pass
375,4.7,82.5,62.5,87.5,80.8,Pass
376,3.5,84.6,78.1,77.0,65.5,Pass
377,4.4,73.6,78.0,79.4,78.6,Pass
378,2.9,63.1,61.5,83.1,77.7,Fail
379,6.6,77.0,52.4,100,69.2,Pass
380,10.6,71.0,62.0,92.8,44.1,Pass
381,5.6,89.6,74.1,59.2,80.6,Pass
382,3.4,69.7,60.1,55.9,82.0,Fail
383,4.9,65.5,62.1,92.8,77.0,Fail
384,3.5,85.6,60.5,64.3,51.2,Fail
385,5.7,73.4,85.1,71.1,49.6,Pass
386,8.2,69.2,42.5,65.3,43.4,Pass
387,2.7,74.1,90.1,84.2,56.8,Fail
388,5.1,75.1,90.4,69.8,43.4,Pass
389,7.6,75.3,79.6,72.7,45.7,Pass
390,3.2,70.4,53.9,76.7,68.0,Fail
391,3.7,78.0,75.0,73.0,29.7,Pass
392,9.0,97.0,76.2,81.4,54.5,Pass
393,3.2,79.5,46.6,80.2,59.3,Pass
394,5.9,72.5,80.6,55.6,60.8,Fail
395,7.0,77.1,72.1,79.4,27.5,Fail
396,5.7,90.1,76.6,90.4,61.5,Pass
397,4.5,72.8,55.5,64.4,62.0,Fail
398,5.6,56.2,74.4,74.5,72.1,Fail
399,4.5,89.8,65.7,99.8,42.5,Pass
400,3.2,68.6,56.2,65.3,77.5,Fail
401,6.7,60.7,61.9,90.5,72.4,Pass
402,6.8,84.9,77.4,91.7,48.4,Pass
403,6.8,87.0,76.4,90.3,57.0,Pass
404,8.0,78.0,59.8,72.5,58.1,Pass
405,7.3,81.7,76.1,72.5,81.4,Fail
406,3.2,77.5,61.8,58.7,74.9,Fail
407,5.9,79.5,68.9,60.4,61.9,Pass
408,6.6,89.6,66.8,48.2,57.5,Pass
409,8.1,91.6,74.4,60.0,67.1,Pass
410,5.0,63.2,75.0,71.6,77.9,Fail
411,3.2,100,54.8,76.0,72.0,Fail
412,9.0,77.2,70.2,97.5,52.3,Pass
413,4.8,61.5,72.1,78.6,67.9,Pass
414,7.2,82.1,64.4,89.1,53.9,Pass
415,5.1,87.2,95.4,40.3,61.9,Pass
416,8.9,73.1,100,50.6,70.6,Pass
417,6.5,71.2,61.2,46.5,66.7,Fail
418,2.9,79.0,66.2,86.4,43.3,Pass
419,6.1,74.4,55.9,70.9,79.1,Fail
420,7.2,74.7,93.9,72.4,62.2,Fail
421,2.6,82.6,64.6,75.9,54.0,Fail
422,4.3,81.5,64.7,98.1,54.0,Pass
423,3.4,72.4,55.4,89.6,72.0,Pass
424,6.0,65.0,89.0,91.5,64.5,Pass
425,6.8,75.9,65.0,65.1,59.5,Fail
426,7.0,74.1,61.6,63.2,41.0,Pass
427,6.5,88.4,60.1,92.4,67.3,Pass
428,5.5,77.5,60.1,73.1,68.6,Pass
429,8.6,79.1,86.3,34.0,57.5,Pass
430,7.3,83.1,67.2,65.5,52.2,Pass
431,7.7,93.7,68.2,64.5,73.9,Pass
432,5.2,77.7,58.5,59.8,61.1,Fail
433,6.7,88.1,56.5,46.4,71.3,Pass
434,5.5,62.0,39.2,96.0,61.5,Fail
435,5.4,83.0,48.8,65.8,43.3,Fail
436,4.1,56.3,61.1,62.0,46.0,Fail
437,5.5,68.0,98.2,82.1,82.9,Pass
438,7.3,87.2,52.7,62.4,100,Pass
439,6.5,75.4,80.5,58.1,48.9,Pass
440,5.9,48.3,68.4,69.5,76.4,Pass
441,6.2,79.0,72.4,55.9,52.0,Fail
442,2.8,87.5,84.2,80.6,55.4,Pass
443,4.6,91.4,75.9,96.3,49.5,Pass
444,3.0,61.0,65.7,67.3,56.8,Fail
445,5.9,74.6,81.7,79.7,44.0,Pass
446,4.3,96.4,67.6,65.0,58.5,Fail
447,8.0,100,42.1,68.5,63.2,Fail
448,7.9,93.0,64.3,100,65.5,Pass
449,6.1,69.0,89.8,80.6,59.3,Pass
450,3.7,81.2,48.6,72.0,56.7,Fail
451,7.6,87.4,66.2,62.1,60.2,Pass
452,6.5,71.2,53.5,74.4,86.7,Pass
453,7.1,66.1,89.1,60.2,52.7,Pass
454,2.7,87.6,67.2,77.6,51.8,Pass
455,6.5,73.6,82.2,34.8,70.8,Pass
456,3.9,80.1,75.5,61.7,63.1,Pass
457,6.3,92.7,61.0,90.4,44.1,Pass
458,2.1,78.9,78.8,100,65.8,Pass
459,7.6,78.5,69.5,84.8,82.5,Fail
460,5.6,77.8,52.0,49.3,63.9,Fail
461,4.1,76.4,62.7,72.2,90.2,Pass
462,9.3,92.9,82.5,61.8,60.3,Pass
463,6.3,77.2,74.6,76.2,67.7,Pass
464,3.6,72.7,78.7,69.7,64.0,Pass
465,6.5,60.3,66.8,59.8,64.1,Pass
466,6.5,98.0,60.5,67.9,74.2,Pass
467,3.4,86.2,78.0,69.9,60.5,Pass
468,6.4,82.8,57.0,47.9,63.5,Fail
469,6.4,68.8,77.5,77.7,53.2,Pass
470,4.8,69.6,71.8,71.8,50.5,Pass
471,5.5,68.9,41.7,78.0,66.6,Fail
472,8.3,48.1,87.0,91.1,49.3,Pass
473,3.9,65.5,66.5,97.6,70.8,Pass
474,7.3,70.5,90.5,94.0,71.9,Pass
475,7.6,81.5,77.7,87.9,72.0,Pass
476,8.5,81.4,72.9,80.6,70.0,Pass
477,5.9,75.9,59.7,64.8,60.4,Pass
478,4.8,76.7,66.5,79.5,75.4,Pass
479,2.7,75.3,76.6,48.4,92.9,Pass
480,3.9,89.6,35.0,75.0,49.1,Fail
481,6.2,87.5,74.2,100,66.0,Pass
482,8.0,77.2,74.3,25,72.3,Pass
483,4.6,70.1,81.5,43.4,100,Pass
484,6.2,100,72.1,59.5,81.4,Pass
485,6.7,92.4,76.0,51.7,68.3,Pass
486,4.0,50.3,50.2,65.0,83.0,Pass
487,7.2,68.5,61.7,87.2,74.8,Pass
488,6.0,92.4,100,72.1,67.5,Pass
489,4.6,51.7,75.4,61.7,86.1,Pass
490,8.5,67.7,85.0,49.2,80.0,Pass
491,7.4,73.7,78.2,79.0,71.1,Pass
492,8.9,71.3,89.1,67.0,84.3,Pass
493,3.9,52.1,70.5,62.3,56.6,Fail
494,4.4,95.2,84.9,88.2,100,Pass
495,0.5,100,71.8,71.2,36.2,Fail
496,6.9,76.3,35.7,58.8,81.8,Pass
497,5.9,100,83.4,97.3,86.3,Pass
498,2.8,58.8,56.9,75.6,65.0,Fail
499,5.5,83.7,82.8,72.1,60.4,Fail
500,7.2,68.7,54.4,84.1,79.7,Pass
